title,url,word_count,valid_document,clean_text,useful_for_QA,noise_type,comments,text_preview
Gliomas,https://kidshealth.org/en/parents/gliomas.html,1066,yes,yes,partial,outside_infections_focus,"Valid pediatric oncology article; clean and useful for general pediatric QA, but outside the infection-centered focus.","Gliomas
What Is a Glioma?
A glioma is a type of brain tumor that starts in glial cells. These cells support the nerve cells of the brain and spinal cord.
Glioma (glee-OH-muh) tumors can happen anywhere in the brain or spine and symptoms depend on the location of the tumor. They can be low-grade (slow-growing) or high-grade (fast-growing). High-grade tumors are more likely to spread and are harder to treat than low-grade tumors.
Doctors treat most gliomas with surgery alone or combinations of surgery, chemotherapy, and radiation therapy.
Gliomas are the most common type of brain tumor in children, with low-grade tumors happening more often than high-grade tumors.
What Are the Types of Gliomas?
There are many different types of gliomas. They used to be grouped by the cells involved and where they form in the brain or brainstem. But doctors have learned a lot about the gene changes seen in different kinds of tumors. Now, they use these changes to help group different tumors and decide on the best treatment.
Types of gliomas include:
- pilocytic astrocytomas (ah-streh-sye-TOE-muhz): These are the most common type of gliomas. They form from star-shaped brain cells called astrocytes. The"
Tinea Versicolor,https://kidshealth.org/en/parents/pityriasis-versicolor.html,456,yes,yes,yes,none,"Clear article about a fungal skin infection; directly useful for symptom, cause, contagion, and treatment questions.","Tinea Versicolor
What Is Tinea Versicolor?
Tinea versicolor is a fungal skin infection caused by a type of yeast. It's a common cause of skin rash in teens and young adults. It causes lots of round and oval-shaped patches on the skin, especially on the chest, back, and upper arms.
What Are the Signs & Symptoms of Tinea Versicolor?
Tinea versicolor (TIN-ee-uh VUR-si-kul-ur) skin patches usually affect the torso and upper arms. But they can also appear on the face and neck, especially in younger kids. The patches can be white, brown, red, or pink.
The patches are dry, flaky, or scaly, and can be flat or slightly raised. They may be a little itchy but often aren't felt at all. They can start off small and round, then join to make much larger patches.
The yeast prevents the skin from tanning, so the patches can look lighter than the surrounding skin, especially in the summer.
What Causes Tinea Versicolor?
Tinea versicolor — also called pityriasis (pit-uh-RYE-uh-sis) versicolor — is caused by a type of yeast that normally lives on the skin. When the environment it lives in gets warm and moist, it can grow out of control and cause symptoms.
Is Tinea Versicolor Contagious?
Tinea versicolo"
Tongue Tie (Ankyloglossia),https://kidshealth.org/en/parents/tongue-tie.html,768,yes,yes,partial,outside_infections_focus,"Valid pediatric article about a congenital oral condition; clean and useful, but not infection-related.","Tongue Tie (Ankyloglossia)
Also called: Ankyloglossia
What Is Tongue Tie?
Tongue tie is when a tight band of tissue connects the underside of the tongue to the floor of the mouth, keeping it from moving freely. Normally, the tongue can move out past the lower lip and reach up to the hard palate (roof of the mouth) and upper teeth.
The fold of tissue under the tongue where it’s attached is called the frenulum (FREN-yuh-lum).
What Happens in Tongue Tie?
Tongue tie — also called ankyloglossia (ang-kuh-low-GLOSS-ee-uh) — forms before a baby is born. Usually, as the baby develops, the front of the tongue and the floor of the mouth grow apart. The back of the tongue stays attached.
Sometimes, the frenulum might be too short or too tight. It might stay near the front of the tongue and tie the tip of the tongue to the floor of the mouth.
Tongue tie can range from mild (only a tiny fold of tissue holds the tip of the tongue) to severe (the entire bottom of the tongue connects to the floor of the mouth). Sometimes a thick, tight frenulum near the base of the tongue limits its motion.
What Causes Tongue Tie?
Doctors don’t know what causes the tongue and frenulum to form differently in a child"
"Hand, Foot, and Mouth Disease",https://kidshealth.org/en/parents/hfm.html,553,yes,yes,yes,none,Clear article about a common viral childhood infection; directly useful for infection-related QA.,"Hand, Foot, and Mouth Disease
What Is Hand, Foot, and Mouth Disease (HFM)?
Hand, foot, and mouth disease (HFM) is a common viral infection that causes painful red blisters in the mouth and throat, and on the hands, feet, and diaper area. The coxsackievirus causes most HFM infections.
HFM is contagious and easily spreads through contact with unwashed hands, feces (poop), saliva (spit), mucus from the nose, or fluid from the blisters. Kids under age 7 are most at risk for HFM. Infections are common in childcare centers, preschools, schools, summer camps, and other places where kids are close together.
Besides the blisters, kids often have a fever for a few days and can get dehydrated because it hurts to swallow liquids. Symptoms usually clear up within a week to 10 days, and kids recover completely.
There's no cure for HFM and no vaccine to prevent it, but your doctor can recommend home care to make your child more comfortable during recovery.
What Are the Signs & Symptoms of Hand, Foot, and Mouth Disease?
The blisters caused by HFM are red with a small bubble of fluid on top. They often peel, leaving an ulcer, which is a sore with a reddish base. The soles of the feet and the palms "
Auditory Neuropathy Spectrum Disorder (ANSD),https://kidshealth.org/en/parents/ansd.html,1157,yes,yes,partial,outside_infections_focus,"Valid pediatric hearing-disorder article; clean and useful for QA, but outside the infection-centered focus.","Auditory Neuropathy Spectrum Disorder (ANSD)
What Is Auditory Neuropathy Spectrum Disorder (ANSD)?
The ear gathers sounds from the environment and changes them into messages the brain can understand. But sometimes these messages are jumbled. Other times, the sounds don’t reach the brain. When this happens, it’s called auditory neuropathy spectrum disorder (ANSD).
Kids with ANSD may:
- have trouble telling one sound from another
- not understand speech clearly
- hear sounds that fade in and out
- seem as though their hearing changes
The good news is that kids with ANSD can learn strong language and communication skills with the help of medical devices, therapy, and visual communication techniques.
What Causes ANSD?
Auditory neuropathy spectrum disorder happens when there is damage somewhere along the hearing (auditory) nerve. This is the pathway between the inner ear’s cochlea (which takes sounds and turns them into messages) and the brain.
Children who are born early or have a family member with ANSD are more likely to have it. So are kids who:
- had severe jaundice at birth
- had low oxygen before or after birth
- get some kinds of medicines that may cause damage to the inner ear "
Chylous Ascites,https://kidshealth.org/en/parents/chylous-ascites.html,544,yes,yes,partial,outside_infections_focus,"Valid pediatric article about a rare condition; clean and useful, but not focused on infections.","Chylous Ascites
What Is Chylous Ascites?
Chylous ascites is when chyle collects in the belly. Chyle is a milky fluid made in the bowels (intestines) during digestion.
Depending the cause, doctors can treat chylous ascites (KYE-lus uh-SYE-teez) and often cure it.
What Happens in Chylous Ascites?
Chyle (KYE-ul) is made of lymph and tiny fat droplets. Lymph (LIMF) is a clear fluid that carries fats and proteins, helps fight germs, and keeps the body's fluid levels normal.
Lymph vessels take chyle to the bloodstream. From there, the blood carries lymph and fats where they are needed.
When the lymphatic system is damaged or isn't working as it should, this normal flow can't happen. The chyle can't get into the blood, and instead leaks into other places. In chylous ascites, it leaks into the belly.
What Are the Signs & Symptoms of Chylous Ascites?
While there's only a little fluid in the belly, chylous ascites may not cause any symptoms. But as the fluid builds up, it can cause:
- a large, rounded belly
- a swelling or bulge at the belly button (umbilical hernia)
- loss of appetite
- one or more lumps in the groin (from a hernia or swollen lymph nodes)
- swelling of the genitals or legs
"
Measles (Rubeola),https://kidshealth.org/en/parents/measles.html,911,yes,yes,yes,none,"Clear article about measles, contagion, symptoms, and vaccination; directly useful for pediatric infection QA.","Measles (Rubeola)
Also called: Rubeola
What Is Measles?
Measles is a very contagious infection that causes a total-body skin rash and flu-like symptoms. Measles is uncommon in the United States thanks to widespread immunization. But millions of cases happen worldwide every year and outbreaks can spread quickly.
Measles is caused by a virus, so there's no specific medical treatment for it. The virus has to run its course. A child who is sick should drink plenty of liquids, get lots of rest, and stay home from school, daycare, and other community or group activities to prevent spreading the infection.
What Are the Signs & Symptoms of Measles?
The first symptoms of a measles infection are usually a cough, runny nose, fever, and red eyes. Kids also may have Koplik's spots (small red spots with blue-white centers) inside the mouth before the rash starts.
The rash breaks out 3–5 days after symptoms start, sometimes along with a high fever up to 104°F (40°C). The rash usually begins as flat red spots on the forehead. On darker skin, these spots may be harder to see. The rash then spreads to the rest of the face, then down the neck and torso to the arms, legs, and feet. The fever and rash "
Basic Blood Chemistry Tests,https://kidshealth.org/en/parents/labtest5.html,575,yes,yes,partial,outside_infections_focus,Clean article about blood chemistry tests; useful as supporting medical context but not infection-specific.,"Basic Blood Chemistry Tests
What Is a Blood Test?
By taking and testing a small sample of a person’s blood, doctors can check for many kinds of diseases and conditions. Blood tests help doctors check how the body’s organs are working and see if medical treatments are helpful.
To help your child get ready for a blood test, find out if they need to fast (not eat or drink) or should stop taking medicines before the test. Explain what to expect during the test. If your child is anxious about it, work together on ways to stay calm.
Why Are Basic Blood Chemistry Tests Done?
Doctors use basic blood chemistry tests to check many conditions and learn how the body’s organs, like the kidneys, are working.
Tests for Electrolytes
Basic blood chemistry tests check electrolytes. These minerals help keep the body's fluid levels in balance, which helps the muscles, heart, and other organs work properly.
Typically, tests for electrolytes (also called an electrolyte panel) measure levels of sodium, potassium, chloride, and bicarbonate in the body.
Sodium helps regulate the amount of water in the body. Sodium’s passage in and out of cells is important to many body functions, like sending electrical si"
Hypoplastic Left Heart Syndrome (HLHS),https://kidshealth.org/en/parents/hypoplastic-heart.html,848,yes,yes,partial,outside_infections_focus,"Valid pediatric cardiology article; clean and useful, but outside the infection-centered focus.","Hypoplastic Left Heart Syndrome (HLHS)
What Is Hypoplastic Left Heart Syndrome (HLHS)?
Hypoplastic left heart syndrome (HLHS) is a problem that happens when the left side of a baby’s heart doesn't form as it should. It’s smaller than normal and can’t pump enough blood to the body. After the baby is born, doctors can treat the problem with medicines and several surgeries. Some babies will need a heart transplant.
How Does the Heart Work?
The heart is a pump with four chambers. At the top are two atria (the right atrium and left atrium). Below them are two ventricles (the right ventricle and left ventricle).
- The blood flows from the body into the right atrium.
- Then it flows into the right ventricle and gets pumped through the pulmonary artery to the lungs.
- The blood picks up oxygen in the lungs, then travels through the pulmonary veins to the left atrium.
- Blood flows from the left atrium to the left ventricle.
- The left ventricle pumps blood out through the aorta to the body to deliver the oxygen.
-
90 Second Summary: Hypoplastic Left Heart Syndrome
Learn the basics in 90 seconds.
What Happens in Hypoplastic Left Heart Syndrome?
In hypoplastic left heart syndrome, the left v"
Permissions Guidelines,https://kidshealth.org/en/parents/permissions-guidelines.html,338,no,no,no,wrong_topic,Non-clinical permissions/licensing page; not useful for pediatric health QA.,"The guidelines below detail the free use of our award-winning content. Please note that in some cases, a content license is required. Healthcare organizations, insurers, digital care platforms, and others wishing to private-label KidsHealth content, please contact partnership@kidshealth.org.
All content is the property of The Nemours Foundation (Nemours Children’s Health) and protected by copyright. The following guidelines apply to all KidsHealth websites, including KidsHealth.org, TeensHealth.org, and KidsHealth in the Classroom.
Linking to KidsHealth Websites
Nemours Children’s grants permission for organizations and other websites (e.g., blogs) to establish links to our content, provided both guidelines are met:
1. Link: A direct link must be established to the KidsHealth website(s). Copying and pasting any content to your site — or framing in any way — is prohibited.
2. Attribution: All links must include attribution language on your site. Please use the version that supports the space available and audience. We have also included linking graphics for your use:
b) Source: Nemours TeensHealth® (TeensHealth.org)
c) Linking graphic: Nemours TeensHealth®
Note: KidsHealth.org does "
"Walking Pneumonia in Kids: Signs, Diagnosis & Treatment",https://kidshealth.org/en/parents/walking-pneumonia.html,624,yes,yes,yes,none,"Clear article about walking pneumonia signs, diagnosis, and treatment; directly useful for infection QA.","Walking Pneumonia in Kids: Signs, Diagnosis & Treatment
Also called: Atypical Pneumonia
What Is Walking Pneumonia?
Walking pneumonia is a less serious form of the lung infection pneumonia. It's often caused by bacteria called Mycoplasma pneumoniae, but other bacteria or viruses can also cause it.
Most kids with this type of pneumonia (nuh-MOH-nyuh) don't feel sick enough to stay home — hence, the name ""walking"" pneumonia. But even a child who feels fine should stay home for a few days until antibiotic treatment kicks in and symptoms improve.
What Are the Signs & Symptoms of Walking Pneumonia?
When it seems like a cold is lasting longer than 7 to 10 days, especially if a cough is getting worse or not going away, it could be walking pneumonia. Symptoms can come on suddenly or take longer to start. The symptoms are often mild, but sometimes can be more severe.
Walking pneumonia symptoms to look for:
- a fever of 101°F (38.5°C) or below
- a cough that can last for weeks to months
- fatigue (feeling very tired)
- headache, chills, sore throat, and other cold or flu-like symptoms
- ear pain
- chest pain or stomach pain
- malaise (feeling of discomfort)
- vomiting
- loss of appetite (in o"
Assistive Devices: Power Wheelchair,https://kidshealth.org/en/parents/power-wheelchair.html,97,yes,yes,partial,outside_infections_focus,Clean but very short assistive-device article; valid pediatric content but outside infections.,"What's a Power Wheelchair?
What Is a Power Wheelchair?
A power wheelchair is a supportive chair on wheels. Kids who use a power wheelchair can move around by themselves.
Is a Power Wheelchair Right for My Child?
A power wheelchair can help kids ages 5 and older who can't walk but have some control of their upper body. They also need to be able to purposely move their hands or head, follow directions, and follow safety instructions.
Are Power Wheelchairs Covered by Insurance?
Sometimes power wheelchairs are covered by insurance. Ask your child's doctor for more information."
Fanconi Anemia,https://kidshealth.org/en/parents/fanconi-anemia.html,703,yes,yes,partial,outside_infections_focus,"Valid article about inherited anemia; clean and useful for pediatric QA, but not infection-related.","Fanconi Anemia
What Is Fanconi Anemia?
Fanconi anemia is an inherited condition in which bone marrow doesn’t work as it should. It usually causes certain physical signs, such as light or dark skin patches or abnormal thumbs. People with Fanconi anemia also have a higher risk for some types of cancer. Treatment can help the bone marrow work better.
What Is Bone Marrow?
Bone marrow is the spongy part in the middle of our bones. It makes:
- to carry oxygen throughout the body
- to help fight infection
- to help blood clot
What Are the Signs & Symptoms of Fanconi Anemia?
In children who have Fanconi anemia, the bone marrow usually stops working before age 10. But sometimes this doesn’t happen until adulthood.
Symptoms of the bone marrow not working include:
- tiredness and paleness from anemia (from having too few red blood cells)
- getting a lot of infections (from low white blood cells)
- easy bruising and bleeding (from low platelets)
Signs in children with Fanconi anemia can vary. Some are there when the child is born and some develop later. They may include:
- light colored patches of skin (hypopigmentation)
- darker patches of skin (café-au-lait spots)
- problems in the bones of "
Cytomegalovirus (CMV),https://kidshealth.org/en/parents/cytomegalovirus.html,877,yes,yes,yes,none,Clear article about cytomegalovirus; directly useful for viral infection QA.,"Cytomegalovirus (CMV)
What Is Cytomegalovirus?
Cytomegalovirus (CMV) is closely related to the viruses that cause chickenpox and mononucleosis (mono). CMV infections are very common, and most of us will probably have one in our lifetimes.
Most people infected with CMV have no symptoms or only mild symptoms. In healthy kids, a CMV infection is rarely serious. Any symptoms it does cause usually are mild and temporary. But cytomegalovirus (site-uh-meg-uh-low-VY-rus) can cause problems for an unborn child whose mother has the virus and for people with weak immune systems.
What Are the Signs & Symptoms of CMV?
The symptoms of a CMV infection vary. Most babies infected before birth usually show no symptoms after delivery. But some may:
- be born early (prematurely)
- be a small size or have a low birth weight
- have jaundice
- have an enlarged liver and spleen
- have a small head (microcephaly)
- have feeding problems
These babies are also at risk for hearing, vision, neurological, and developmental problems. Even babies without clear symptoms are at risk for congenital hearing loss. CMV is the most common cause of non-genetic hearing loss at birth.
CMV infections that happen in kids aft"
What Is Herd Immunity?,https://kidshealth.org/en/parents/herd-immunity.html,520,yes,yes,yes,none,Clear article explaining herd immunity and infection prevention; useful for vaccine and public-health QA.,"What Is Herd Immunity?
Herd immunity is the idea that when many people are immune to (protected from) a contagious infection, it's harder for that infection to spread in a community.
How Do People Become Immune to Infections?
There are a few ways that a person can become immune:
- Vaccines teach the body to recognize and fight germs. When someone gets a vaccine, their body makes protective antibodies against it. These antibodies stay in the body and prevent the person from getting sick from those germs in the future. This is the best way to become immune.
- Getting infected with the virus or bacterium will also teach the body to make protective antibodies that can protect a person later on. This is an uncomfortable way to become immune because it often involves getting sick. It can also be dangerous, as some people die from infections.
- Getting antibodies that are already made is called “passive immunity.” It can be done in two ways:
- Antibody shots against specific germs can be given as protection for certain groups of people. For example, babies can get an antibody shot against RSV from birth to 8 months of age just before or during the RSV season. This is not a common way to b"
Ear Anomalies,https://kidshealth.org/en/parents/ear-anomalies.html,591,yes,yes,partial,outside_infections_focus,"Valid pediatric article about ear anomalies; clean and useful, but not infection-related.","Ear Anomalies
What Is an Ear Anomaly?
An ear anomaly is when the size or shape of the outer, middle, or inner ear is different than usual. It can change how the ear looks and how a child hears.
What Happens in an Ear Anomaly?
A child with an ear anomaly could have:
- no ear (anotia)
- a small ear (microtia)
- no ear canal (aural atresia)
- constricted ears (the outer part of the ear is either wrinkled, folded, or flat)
- a hole or bump just in front of the ear (an ear pit or ear tag)
- protruding or prominent ears (the ear sticks out)
- the top part of the ear underneath the skin (cryptotia)
- a narrow ear canal (ear canal stenosis)
Many kids with an ear anomaly of the outer ear also have problems inside the ear, like hearing loss. Ears that only stick out usually don’t cause hearing problems, but kids might feel self-conscious about them.
What Are the Signs & Symptoms of an Ear Anomaly?
Often, ear anomalies are easy to see because one or both ears look different.
If a baby has an ear anomaly that affects only the middle or inner ear, it might be found during the newborn hearing screening test. Some anomalies aren’t found until children get older and have symptoms, such as:
- many "
Medulloblastoma,https://kidshealth.org/en/parents/medulloblastoma.html,697,yes,yes,partial,outside_infections_focus,"Valid pediatric oncology article; clean and useful for general pediatric QA, but outside infections.","Medulloblastoma
What Is Medulloblastoma?
Medulloblastoma is the most common cancerous (malignant) type of brain tumor. It develops in the cerebellum, a part of the brain near the bottom of the skull.
Doctors usually treat kids who have this type of tumor with a combination of surgery, chemotherapy, and radiation therapy. Treatment has improved in recent years, and more kids are making a full recovery.
What Are the Signs & Symptoms of Medulloblastoma?
When cells grow abnormally or out of control, a tumor (a mass of cells) can form. A tumor in the brain can put pressure on areas of the brain, leading to different symptoms, such as:
- nighttime or early-morning headaches
- nausea
- vomiting
- trouble walking
- dizziness
- double vision
- clumsiness
What Causes Medulloblastoma?
Doctors don't know what causes medulloblastoma (meh-dull-oh-blas-TOE-muh). But some genetic conditions can make kids more likely to develop it. About 20% of all brain tumors in children are medulloblastomas.
How Is Medulloblastoma Diagnosed?
When doctors suspect a brain tumor, they’ll do an exam and order an imaging test of the brain, like an MRI (magnetic resonance imaging). This test lets them see inside the b"
Heat Rash (Miliaria),https://kidshealth.org/en/parents/heat-rash.html,588,yes,yes,partial,outside_infections_focus,"Clean article about heat rash; useful pediatric content, but not infection-related.","Heat Rash (Miliaria)
Also called: Prickly Heat, Sweat Rash
What Is Heat Rash (Miliaria)?
Miliaria — often called heat rash — is a skin rash that happens when sweat builds up under the skin behind blocked sweat ducts. Sweat ducts are small tubes that carry sweat from glands under the skin to the skin’s surface.
The rash can be a little itchy, but miliaria (mill-ee-AR-ee-uh) doesn’t cause other problems and isn’t serious. Keeping skin cool to ease sweating can help the rash go away within a few days.
What Causes Heat Rash?
Sweat can collect behind blocked ducts when kids sweat a lot (for example, when being physically active in hot weather) or in warm, humid weather.
Heat rash is most common in babies but can happen at any age.
What Are the Signs & Symptoms of Heat Rash?
A heat rash causes small, itchy red or clear bumps that can look like blisters. On darker skin, the rash may be harder to see and can look gray or white rather than red.
The rash most often is on the upper chest or back, the head, the arms, the neck, in body folds, or anywhere the skin doesn’t get enough air or rubs together or against tight clothing. Children also might have mild swelling in the area.
Sometimes the "
PrEP (Pre-Exposure Prophylaxis),https://kidshealth.org/en/parents/prep.html,274,yes,yes,partial,outside_infections_focus,Valid article about HIV prevention; related to infectious disease but less central for general pediatric caregiver QA.,"PrEP (Pre-Exposure Prophylaxis)
What Is PrEP?
PrEP stands for pre-exposure prophylaxis. It is when someone who does not have HIV takes medicines to lower their chances of getting HIV. Sometimes, this medicine is taken by mouth every day, and sometimes it's given as an injection every 2 months.
Who Should Take PrEP?
People at risk for HIV should take PrEP, such as those who:
- have a sexual partner who is HIV-positive
- have anal sex without a condom
- have been diagnosed with an STD (sexually transmitted disease) in the past 6 months
- have sex without a condom with people whose HIV status is not known
- share needles with others
Does PrEP Always Prevent Someone From Getting HIV?
When taken correctly, PrEP prevents HIV transmission most — but not all — of the time. In addition to taking the PrEP medicine, using a condom every time and for every form of sex (vaginal, oral, anal) helps prevent HIV and other STDs.
Does PrEP Protect People From Other STDs?
No, PrEP does not protect people from getting other STDs. So, someone taking PrEP needs to use a condom every time and for every form of sex (vaginal, oral, anal) to lower their risk of getting other STDs.
How Does Someone Get PrEP?
"
Spondyloepiphyseal Dysplasia Congenita (SEDc),https://kidshealth.org/en/parents/sedc-dysplasia.html,813,yes,minor_noise,partial,minor_text_loss,"Valid pediatric article, but the preview suggests a small extraction/wording issue; still usable.","Spondyloepiphyseal Dysplasia Congenita (SEDc)
What Is Spondyloepiphyseal Dysplasia Congenita?
Spondyloepiphyseal dysplasia congenita (SEDc) is a type of skeletal dysplasia. Skeletal dysplasias are conditions that cause problems with how and bone grow.
Spondyloepiphyseal dysplasia congenita (spon-dih-lo-eh-pih-fih-SEEL dys-PLAY-zhuh kon-JEN-ih-teh) can lead to problems with hearing and seeing.
What Are the Signs & Symptoms of SEDc?
People with SEDc have dwarfism. They might also have:
- a wide forehead and wide-set eyes
- a round face with a flattened nose and small chin
- cleft palate
- tracheomalacia (weak, floppy windpipe), which can lead to breathing problems in babies
- joint pain and stiffness
- hip problems
- flat feet
- knock-knees (knees curve in)
- curved spine
- instability of the neck bones
- vision problems
- retinal detachment (peeling of the lining of the eye)
- cataracts (clouding of the lenses in the eyes)
- frequent ear infections
- hearing loss
Most children with SEDc don’t have every sign and symptom listed here. There is a lot of variability.
What Causes SEDc?
SEDc happens because of a gene change (mutation). The changed gene causes a problem with the growth pla"
Your Child’s Development: 3 Years,https://kidshealth.org/en/parents/development-3yrs.html,260,yes,yes,partial,outside_infections_focus,Clean developmental milestone article; useful for parent QA but outside the infection-centered focus.,"Your Child’s Development: 3 Years
Doctors use certain milestones to tell if a preschooler is developing as expected. There's a wide range of what's considered normal, so some children gain skills earlier or later than others.
Kids who were born prematurely may reach milestones later. Always talk with your doctor about your child's progress.
Here are things preschoolers usually do by this age:
Communication and Language Skills
- say first name when asked
- talk with you in conversation with at least 2 back-and-forth exchanges
- ask who, where, or why questions
- say what action is happening in a picture when asked, like running, eating, or playing
- talk well enough for others to understand most of the time
Movement and Physical Development
- string items together, like large beads or macaroni
- put on some clothes by themselves
- use a fork
Social and Emotional Development
- calm down within 10 minutes after you leave
- notice other children and join them to play
Cognitive Skills (Thinking and Learning)
- draw a circle when you show them how
- avoid touching hot objects, like a stove, when you warn them
When Should I Call the Doctor?
You know your child best. So share your concerns"
Cystic Fibrosis and Nutrition,https://kidshealth.org/en/parents/cf-nutrition.html,833,yes,yes,partial,outside_infections_focus,"Valid article about cystic fibrosis nutrition; clean and useful, but outside infection-focused QA.","Cystic Fibrosis and Nutrition
What Is Cystic Fibrosis?
Cystic fibrosis (CF) is a genetic disorder that affects the body's epithelial cells. These cells are found in many places, including the sweat glands, lungs, and pancreas.
An error in the cells causes problems with the body's balance of salt and water. The body responds by making thick mucus, which blocks the lungs and sometimes other ducts and passageways, causing infections and breathing problems.
How Does Cystic Fibrosis Affect Nutrition?
The sticky mucus from cystic fibrosis can block normal absorption of key nutrients and fat in the intestines, causing:
- poor digestion
- slow growth
- trouble gaining weight
- greasy bowel movements
Why Do Some Kids Need Enzymes?
CF often causes a condition called pancreatic insufficiency. This means the enzymes made in the pancreas that digest fat, carbohydrates, and protein don't pass into the intestines as they should. So the body can't digest food normally.
To replace these enzymes, kids take pancreatic enzymes in pill form:
- Enzymes should be taken with all foods and drinks that have fat and protein.
- For babies and younger children who can't swallow pills, empty the pill's beads in"
Sever's Disease,https://kidshealth.org/en/parents/severs-disease.html,695,yes,minor_noise,partial,minor_text_loss,"Valid pediatric orthopedic article, but a minor text extraction issue appears in the preview; still usable.","Sever's Disease
What Is Sever's Disease?
Sever's disease is a swelling and irritation of the growth plate in the heel. The growth plate is a layer of near the end of a bone where most of the bone's growth happens. It is weaker and more at risk for injury than the rest of the bone.
With proper management, Sever's disease usually goes away within a few months and doesn't cause lasting problems.
What Are the Signs & Symptoms of Sever's Disease?
Sever's disease usually causes pain or tenderness in one or both heels. It also can lead to:
- swelling and redness in the heel
- stiffness in the feet when first waking up
- limping, or walking on tiptoes
- pain when the heel is squeezed on both sides
Symptoms are usually worse during or after activity and get better with rest.
What Causes Sever's Disease?
Sever's disease happens during the growth spurt of puberty. During a growth spurt, the bones, muscles, and tendons grow at different rates. The muscles and tendons can become tight, pulling on the growth plate in the heel. Activities and sports pull on the tight muscles and tendons, injuring the growth plate. This injury leads to the pain of Sever's disease.
Less often, Sever's disease can h"
Vaginal Yeast Infections,https://kidshealth.org/en/parents/yeast-infection.html,667,yes,minor_noise,yes,minor_formatting,Relevant infection article; minor punctuation/formatting noise remains but the content is usable.,"Vaginal Yeast Infections
What Are Vaginal Yeast Infections?
Yeast infections (also known as candidiasis) are common infections caused by Candida albicans yeast, which is a type of fungus Yeast infections usually happen in warm, moist parts of the body, such as the mouth, and moist areas of skin.
A yeast infection in the vagina is known as vulvovaginal candidiasis (can-dih-DYE-uh-sis). Vaginal yeast infections are common, and many girls will have one at some point. Treatment can clear up the symptoms in a couple of days and cure the infection within a week..
What Are the Signs & Symptoms of Vaginal Yeast Infections?
Vaginal yeast infections can cause:
- redness, swelling, or itching of the vulva (the folds of skin outside the vagina)
- a thick, white discharge that can look like cottage cheese
- pain or burning when urinating (peeing)
What Causes Vaginal Yeast Infections?
Having small amounts of Candida on the skin and inside the mouth, digestive tract, and vagina is normal. A healthy immune system and some ""good"" bacteria keep the amount in a person's body under control.
But yeast in the vagina can sometimes ""overgrow"" and lead to symptoms of a yeast infection. This can happen if a"
Meningococcal Vaccine for Kids & Teens,https://kidshealth.org/en/parents/meningitis-vaccine.html,1047,yes,yes,yes,none,Clear vaccine article; directly useful for infection prevention QA.,"What Are Meningococcal Vaccines?
Meningococcal (meh-nin-guh-KOK-uhl) vaccines help protect against meningococcal disease. This serious infection can lead to bacterial meningitis (swelling around the brain and spinal cord) and blood infections, which can be life-threatening if they aren’t treated quickly.
There are three types of meningococcal vaccines because different kinds of meningococcal bacteria cause meningococcal disease. The vaccines are mostly given to preteens, teens, and other people who are more likely to get the disease.
Why Are Meningococcal Vaccines Recommended?
Meningococcal vaccines help protect against meningococcal disease, which is very contagious (easy to catch from someone else). Doctors have given meningococcal vaccines to millions of people for decades, and they’re a safe and proven way to help your child’s body fight off meningococcal disease. In fact, one meningococcal vaccine (MenACWY) is part of the routine vaccine schedule.
When you get your child vaccinated with meningococcal vaccines, you’re helping prevent the spread of meningococcal disease, so you’re also protecting other people, too. This includes babies who are too young to get the vaccines, peop"
How to Safely Give Acetaminophen,https://kidshealth.org/en/parents/acetaminophen.html,866,yes,yes,yes,none,Clear article about safe acetaminophen use for fever and pain; useful for caregiver QA.,"How to Safely Give Acetaminophen
Also called: Tylenol, paracetamol, Panadol, FeverAll, Tempra
What Is Acetaminophen?
Acetaminophen (uh-see-tuh-MI-nuh-fen) is a medicine you can buy without a prescription to relieve fever and pain. It's a safe drug for many problems when used correctly.
But too high a dose can make a child very sick. Getting too much can lead to liver damage and, in rare cases, even death. So it's important to know how to safely give acetaminophen.
If you have any questions about giving acetaminophen to your child, ask your doctor or pharmacist. Never give this or any other kind of medicine to a child younger than 2 years old without getting a doctor's OK first.
Acetaminophen is the generic name of this drug. In some countries, it's called paracetamol. The most common brand name for this medicine is Tylenol®, but it is also sold under the names Panadol®, FeverAll®, and Tempra®. Generic or store brands of acetaminophen also are available.
What Types of Acetaminophen Are Available?
Many types of acetaminophen are available in different strengths, such as oral suspensions (liquid form) and drops, chewable tablets, and pills to swallow. Chewable tablets are best for chi"
What Is Type 1 Diabetes?,https://kidshealth.org/en/parents/type1.html,996,yes,yes,partial,outside_infections_focus,"Valid pediatric article about type 1 diabetes; clean and useful, but outside infection-focused QA.","What Is Type 1 Diabetes?
If your child has been diagnosed with type 1 diabetes, you probably have questions. Here are the basics.
Overview
What Is Type 1 Diabetes?
People who have type 1 diabetes can’t use glucose (the body’s main type of sugar) for energy. That’s because their body stopped making the hormone insulin. Normally, after we eat, the amount of glucose in the blood (blood sugar) goes up. When it does, the pancreas sends insulin into the blood. Insulin works like a key that opens the doors of the body’s cells to let the glucose in, giving the cells the energy they need.
In type 1 diabetes, the pancreas doesn’t make insulin. Without insulin, glucose can't get into the cells. It stays in the blood, which leads to high blood sugar. Having too much sugar in the blood isn’t healthy and can cause problems. Some problems happen quickly and need treatment right away, while others develop over time and show up later in life.
-
90-Second Summary: Type 1 Diabetes
Learn the basics in 90 seconds.
What Happens in Type 1 Diabetes?
In type 1 diabetes, the body's immune system attacks and destroys the cells in the pancreas that make insulin. So the body can’t make insulin anymore.
This is"
The Ponseti Method: Bracing Phase,https://kidshealth.org/en/parents/ponseti-bracing.html,1139,yes,yes,partial,outside_infections_focus,"Valid pediatric orthopedic treatment article; clean and useful, but outside infections.","The Ponseti Method: Bracing Phase
Clubfoot is a birth defect that makes one or both of a baby's feet point down and turn in.
Surgery used to be the main treatment for clubfoot, but orthopedic surgeons (doctors who focus on conditions of the bones, muscles, and joints) now prefer the Ponseti method. This is done in two phases:
- the casting phase, which gradually moves the foot to the correct position
- the bracing phase, which helps make sure it stays there
Casting by an orthopedic surgeon or care team member who has been trained in the Ponseti method usually starts when a baby is a week or two old, and lasts for 5 to 7 weeks. When the foot is in its final, correct position, the baby is fitted with a brace.
What Is a Clubfoot Brace?
A clubfoot brace (often just called an orthotic) has two parts: a bar (usually metal) and special shoes (or boots) that attach at each end. The bar is the same length as the distance between the baby's shoulders. It slides or clicks into the bottoms of the shoes.
The brace keeps the ""fixed"" clubfoot (or feet) in the corrected position so it doesn't twist back to where it was before the casting phase. Both feet are braced, even if the clubfoot is only on"
Jock Itch,https://kidshealth.org/en/parents/jock-itch.html,670,yes,yes,yes,none,Clear article about a fungal skin infection; directly useful for infection-related QA.,"Jock Itch
What Is Jock Itch?
Jock itch is a skin infection caused by a fungus. It's called jock itch because it's commonly seen in active kids who sweat a lot while playing sports. But anyone can get this infection.
What Are the Signs & Symptoms of Jock Itch?
Jock itch (or tinea cruris) usually causes redness, flakiness, peeling, or cracking of the skin in the groin, thigh, and buttocks area. The rash can look circular, with well-defined or even elevated edges. It can also spread to the area around the anus (where poop comes out). It may itch, sting, or burn, or simply feel uncomfortable.
What Causes Jock Itch?
A fungus is a microscopic organism that thrives in damp, warm environments. Fungi usually aren't dangerous. But when they infect the skin, they cause mild but annoying rashes (also known as tinea infections).
Jock itch is caused by fungi that normally live on the skin, hair, and nails, called dermatophytes. When the groin, upper thighs, and buttocks area gets warm and moist, they can grow out of control and start to cause symptoms.
Is Jock Itch Contagious?
Yes. Jock itch can spread from one person to another by skin-to-skin contact, especially in warm, damp environments. It "
Hepatitis A Vaccine (HepA) for Kids,https://kidshealth.org/en/parents/hepa-vaccine.html,775,yes,yes,yes,none,Clear hepatitis A vaccine article; directly useful for infection prevention QA.,"What Is the Hepatitis A Vaccine?
The hepatitis A vaccine, also called HepA, is an effective way to protect against hepatitis A, a liver infection caused by the hepatitis A virus. The virus spreads mostly through contaminated foods or drinks, as well as through close contact with people who are infected.
Hepatitis A infections can cause symptoms like nausea, vomiting, diarrhea, fever, joint pain, and yellowing of the skin for weeks to months. The hepatitis A vaccine is safe and causes few side effects.
Why Is the Hepatitis A Vaccine Important?
The hepatitis A vaccine, or immunization, helps protect against hepatitis A liver infections, which are very contagious (easy to catch from someone else). Doctors have given the vaccine to millions of people for decades. In fact, it’s part of the routine vaccine schedule.
When you get your child vaccinated with the hepatitis A vaccine, you’re helping prevent the spread of infections caused by the hepatitis A virus, so you’re also protecting other people. This includes babies who are too young to get the vaccine, people who are severely allergic to it, and people with some serious illnesses.
Getting the vaccine also can help prevent outbreaks ("
